distance,concept1,concept2,#lan,relation
6.640081405639648,frost,freeze,2,RelatedTo
6.642824649810791,sour,fruit,2,HasProperty
6.646063327789307,heart,spirit,44,Synonym
6.646471977233887,speak,mumble,3,RelatedTo
6.648306846618652,son,he,2,Synonym
6.648345470428467,insect,larva,4,RelatedTo
6.648617267608643,god,idol,4,Synonym
6.649003028869629,ox,bull,90,RelatedTo
6.649566650390625,hit,kill,43,MannerOf
6.651127815246582,sing,dance,12,Antonym,RelatedTo
6.6558332443237305,wind,weather,4,RelatedTo,RelatedTo
6.657688617706299,share,split,4,IsA,RelatedTo
6.657845497131348,lift,raise,2,RelatedTo,RelatedTo,Synonym,Synonym,Synonym,Synonym
6.658802509307861,sink,drop,2,RelatedTo,Synonym
6.658802509307861,sink,drop,3,RelatedTo,Synonym
6.6593708992004395,mouth,lip,119,AtLocation,PartOf,RelatedTo,RelatedTo,RelatedTo
6.66062593460083,come,mother,2,RelatedTo
6.662313461303711,medicine,pill,6,RelatedTo,UsedFor
6.662753582000732,touch,catch,9,IsA
6.6643218994140625,flock,swarm,20,RelatedTo
6.666811943054199,hole,pit,7,IsA,RelatedTo,RelatedTo
6.667917728424072,light,dawn,12,RelatedTo
6.669366359710693,son,child,6,RelatedTo,RelatedTo,Synonym
6.669366359710693,son,child,27,RelatedTo,RelatedTo,Synonym
6.669366359710693,son,child,31,RelatedTo,RelatedTo,Synonym
6.671443462371826,pregnant,conceive,28,RelatedTo
6.67183780670166,smoke,soot,5,RelatedTo
6.67287015914917,garbage,dirt,22,RelatedTo
6.673984527587891,time,meal,4,RelatedTo,RelatedTo
6.674230098724365,eat,feed,2,Causes,RelatedTo,RelatedTo
6.675365924835205,stand,halt,11,RelatedTo
6.676616191864014,place,nest,2,RelatedTo,RelatedTo,RelatedTo
6.677011489868164,yard,house,2,HasA,RelatedTo
6.679665565490723,foot,shoe,2,AtLocation,LocatedNear,RelatedTo,RelatedTo
6.681066036224365,move,ride,3,RelatedTo,RelatedTo
6.682184219360352,darkness,night,31,RelatedTo,RelatedTo
6.683684349060059,shut,door,3,RelatedTo
6.686348915100098,strong,power,2,RelatedTo
6.687192440032959,fear,shiver,2,RelatedTo
6.690131187438965,open,lead,2,RelatedTo
6.693290710449219,try,fight,2,MannerOf,RelatedTo
6.697545528411865,debt,owe,17,RelatedTo,RelatedTo
6.69787073135376,foot,point,2,RelatedTo
6.699471950531006,soft,easy,5,RelatedTo,Synonym
6.700159549713135,firewood,wood,128,RelatedTo
6.703943252563477,dolphin,fish,3,RelatedTo
6.706807613372803,flower,bud,2,IsA,RelatedTo
6.707728862762451,bad,severe,40,RelatedTo,SimilarTo,Synonym
6.709312915802002,village,house,17,AtLocation
6.711014270782471,flash,lightning,4,IsA,RelatedTo,RelatedTo
6.712475776672363,cloth,clothes,87,DerivedFrom,FormOf,RelatedTo
6.7167277336120605,water,river,197,HasA,RelatedTo
6.719391345977783,dye,color,24,RelatedTo
6.720313549041748,bright,moon,2,RelatedTo
6.720908164978027,food,fruit,2,RelatedTo
6.7229204177856445,road,line,2,IsA,RelatedTo
6.728053092956543,light,moon,2,RelatedTo
6.7289862632751465,voice,call,2,RelatedTo
6.730658054351807,bottom,floor,10,RelatedTo
6.731088161468506,day,light,3,RelatedTo
6.731088161468506,light,day,2,HasProperty,RelatedTo
6.731088161468506,light,day,23,HasProperty,RelatedTo
6.731259822845459,sharp,smart,2,RelatedTo
6.732718467712402,distance,length,3,IsA,RelatedTo,RelatedTo,Synonym
6.73395299911499,wave,current,2,RelatedTo
6.734106063842773,coat,dress,3,RelatedTo,Synonym
6.734547138214111,eyelash,eyebrow,75,RelatedTo
6.736429691314697,between,space,4,RelatedTo
6.738009452819824,wound,cut,2,IsA,RelatedTo,RelatedTo
6.738511562347412,healthy,strong,4,Synonym
6.738753318786621,big,thumb,5,RelatedTo
6.741212368011475,cover,hide,4,RelatedTo
6.741212368011475,cover,hide,12,RelatedTo
6.743766784667969,grain,rye,6,IsA,RelatedTo,RelatedTo
6.747435092926025,narrow,tight,3,Synonym
6.74879789352417,bark,tree,3,RelatedTo
6.749525547027588,dance,song,2,Antonym,RelatedTo
6.751095294952393,mud,clay,64,Synonym
6.75145959854126,cattle,bull,11,IsA,PartOf,RelatedTo,RelatedTo
6.75229549407959,nape,neck,81,RelatedTo,Synonym
6.752625465393066,worm,earthworm,2,RelatedTo
6.753188133239746,fog,smoke,26,RelatedTo
6.758004188537598,dark,night,47,IsA,RelatedTo,Synonym
6.759514808654785,swallow,eat,4,Antonym,Entails,HasLastSubevent,HasPrerequisite,HasSubevent,RelatedTo,RelatedTo
6.764183521270752,gap,space,8,RelatedTo,RelatedTo
6.764827728271484,bite,gnaw,18,MannerOf,RelatedTo
6.765343189239502,face,neck,2,RelatedTo
6.766993999481201,divide,cut,5,RelatedTo,RelatedTo
6.767905235290527,bowl,pan,9,RelatedTo
6.767932891845703,dark,obscure,22,RelatedTo
6.768782138824463,wound,blister,3,RelatedTo
6.769379615783691,north,up,6,RelatedTo,RelatedTo
6.769751071929932,sleep,lie,28,RelatedTo
6.77092170715332,dust,smoke,2,RelatedTo
6.77092170715332,dust,smoke,23,RelatedTo
6.771671295166016,guard,protect,11,RelatedTo,RelatedTo,Synonym
6.772371292114258,admit,permit,3,RelatedTo
6.775151252746582,conceive,think,6,RelatedTo
6.775151252746582,conceive,think,10,RelatedTo
6.775466442108154,spirit,demon,34,RelatedTo
6.777853488922119,yellow,gold,25,RelatedTo
6.77895975112915,fowl,chicken,28,RelatedTo,RelatedTo
6.780611038208008,arm,chair,3,RelatedTo
6.7811760902404785,soul,ghost,76,IsA,RelatedTo,Synonym
6.7823028564453125,bake,boil,6,RelatedTo,Synonym
6.7823028564453125,bake,boil,18,RelatedTo,Synonym
6.7824788093566895,meal,rice,9,RelatedTo
6.784405708312988,damage,injure,7,Synonym
6.78799295425415,earth,space,2,Antonym,DistinctFrom,RelatedTo
6.790942192077637,waist,belt,6,RelatedTo,RelatedTo
6.791029930114746,put,wear,4,RelatedTo
6.791988849639893,ground,garden,3,AtLocation,RelatedTo
6.792026996612549,waterfall,rapids,7,AtLocation
6.793454647064209,stone,rock,27,DistinctFrom,IsA,RelatedTo,RelatedTo,SimilarTo,Synonym,Synonym
6.801113605499268,ash,smoke,4,RelatedTo
6.801493167877197,dust,ash,94,RelatedTo
6.8020148277282715,stand,wash,3,MannerOf
6.803688049316406,press,squeeze,80,MannerOf
6.807754993438721,person,boy,2,RelatedTo
6.808053493499756,worm,snake,22,RelatedTo
6.808067798614502,bright,lightning,5,RelatedTo,RelatedTo
6.808426380157471,bad,wound,2,RelatedTo
6.810233116149902,push,rub,7,RelatedTo
6.812385082244873,hole,bore,79,RelatedTo,RelatedTo
6.813037395477295,food,dish,2,RelatedTo,UsedFor
6.816671371459961,paper,book,62,MadeOf,RelatedTo
6.816867828369141,light,candle,9,IsA,RelatedTo,UsedFor,UsedFor,UsedFor
6.8180108070373535,spirit,god,2,IsA,RelatedTo
6.820507049560547,high,tall,5,HasProperty,RelatedTo,RelatedTo
6.820507049560547,high,tall,168,HasProperty,RelatedTo,RelatedTo
6.823794841766357,sleep,lay,3,RelatedTo
6.824245929718018,shine,twinkle,5,MannerOf,RelatedTo
6.829991817474365,laugh,kill,2,HasSubevent
6.830559253692627,banana,plantain,4,IsA,RelatedTo
6.832366943359375,cut,scratch,4,RelatedTo
6.834479331970215,spot,dirt,2,RelatedTo
6.83462381362915,drip,drop,25,RelatedTo,RelatedTo
6.835170745849609,sun,weather,4,RelatedTo
6.8368330001831055,swim,bathe,30,MannerOf,RelatedTo
6.836855411529541,grow,plant,7,CapableOf,RelatedTo,RelatedTo,Synonym
6.837141036987305,bite,dog,2,CapableOf,RelatedTo
6.837586879730225,behind,backward,4,RelatedTo
6.837757110595703,day,weather,4,RelatedTo
6.837757110595703,day,weather,18,RelatedTo
6.837785243988037,hot,red,2,RelatedTo
6.840115070343018,world,peace,9,RelatedTo
6.844951152801514,sow,pig,53,RelatedTo,Synonym
6.845067024230957,spear,arrow,25,RelatedTo
6.846923828125,sky,day,5,RelatedTo
6.846923828125,sky,day,15,RelatedTo
6.8481926918029785,grind,mill,26,MannerOf,RelatedTo,Synonym
6.851890563964844,spin,weave,20,RelatedTo
6.854404926300049,defeat,surrender,3,RelatedTo
6.860210418701172,law,judgment,6,HasContext
6.861420154571533,good,gentle,2,RelatedTo
6.864841461181641,sweet,gentle,2,RelatedTo
6.866525650024414,tree,wood,348,AtLocation,MadeOf,RelatedTo,RelatedTo
6.867387771606445,mind,memory,10,RelatedTo
6.867676258087158,walk,crawl,2,Antonym
6.868007659912109,sugar,sweet,6,RelatedTo,RelatedTo
6.872435092926025,new,young,51,RelatedTo,SimilarTo,Synonym
6.874248027801514,deer,reindeer,2,IsA,RelatedTo
6.87700080871582,law,right,4,RelatedTo,RelatedTo
6.877229690551758,hole,mouth,5,RelatedTo
6.878653526306152,skin,peel,6,RelatedTo,RelatedTo,Synonym,Synonym
6.880273818969727,edge,shore,60,RelatedTo
6.880739212036133,bone,spine,5,IsA
6.882543563842773,knot,noose,3,EtymologicallyRelatedTo,RelatedTo
6.88273811340332,pain,wound,20,RelatedTo
6.883599758148193,fall,tumble,41,RelatedTo,RelatedTo,RelatedTo,Synonym
6.884096145629883,leg,heel,3,RelatedTo
6.884364128112793,part,shore,2,Synonym
6.884827136993408,claw,nail,4,RelatedTo,RelatedTo
6.885858058929443,death,die,2,RelatedTo,RelatedTo,RelatedTo
6.885858058929443,die,death,28,EtymologicallyRelatedTo,RelatedTo,RelatedTo
6.887639999389648,move,flow,3,MannerOf,RelatedTo
6.890691757202148,hole,ditch,10,RelatedTo
6.892465114593506,go,boat,2,RelatedTo
6.893566131591797,table,stool,2,RelatedTo
6.894092082977295,river,ocean,2,RelatedTo
6.899446487426758,round,ball,20,HasProperty,RelatedTo
6.899872779846191,turn,cultivate,2,RelatedTo
6.900048732757568,bad,storm,2,RelatedTo
6.900830268859863,fat,meat,2,HasA
6.902340412139893,big,loud,20,SimilarTo
6.9034881591796875,part,slice,5,IsA
6.904208183288574,edge,border,4,IsA,IsA,RelatedTo,RelatedTo,Synonym,Synonym
6.905668258666992,money,price,7,RelatedTo
6.909274578094482,paper,letter,11,MadeOf,RelatedTo,RelatedTo
6.9095072746276855,hole,well,2,RelatedTo,RelatedTo
6.912533760070801,people,child,2,RelatedTo
6.915689468383789,person,body,9,RelatedTo,RelatedTo
6.915769100189209,bait,worm,5,RelatedTo
6.916372776031494,cut,shave,3,MannerOf,RelatedTo
6.917669773101807,hot,summer,2,RelatedTo
6.920098304748535,clothes,rag,4,RelatedTo
6.920129776000977,slave,servant,47,DistinctFrom,RelatedTo,RelatedTo
6.920462608337402,smooth,slip,6,RelatedTo
6.9214091300964355,grain,oat,8,IsA,RelatedTo,RelatedTo
6.921936511993408,wool,fur,28,RelatedTo
6.923990249633789,tree,fruit,3,AtLocation
6.925349712371826,promise,oath,3,IsA,RelatedTo,RelatedTo,Synonym
6.926950931549072,finger,ring,4,AtLocation,RelatedTo,RelatedTo,UsedFor
6.929332256317139,blow,wind,31,RelatedTo,RelatedTo
6.929640769958496,cattle,ox,10,IsA,PartOf
6.930006504058838,happen,pass,4,RelatedTo,Synonym
6.934343338012695,clean,rinse,2,Synonym
6.935034275054932,breath,air,4,RelatedTo
6.936622619628906,part,room,2,RelatedTo
6.9400715827941895,government,president,3,AtLocation,RelatedTo
6.941214561462402,touch,meet,2,Synonym
6.941765308380127,fire,heat,2,CreatedBy,LocatedNear,RelatedTo
6.942155838012695,embers,fire,6,RelatedTo
6.943211078643799,sun,evening,2,RelatedTo
6.94464635848999,eyelid,eyebrow,8,RelatedTo
6.947508335113525,light,easy,4,Synonym
6.948307037353516,plant,tree,21,IsA,IsA,IsA,MannerOf,RelatedTo,RelatedTo
6.950822353363037,cut,scrape,2,RelatedTo
6.9531941413879395,thing,animal,6,RelatedTo,RelatedTo
6.95322847366333,salty,brackish,44,RelatedTo,SimilarTo
6.953499794006348,family,clan,8,RelatedTo
6.956305503845215,speak,mouth,2,RelatedTo,UsedFor
6.9582295417785645,beak,nose,30,RelatedTo
6.9586687088012695,top,roof,5,RelatedTo,RelatedTo
6.95867919921875,bowl,plate,27,Antonym,DistinctFrom,RelatedTo
6.959713459014893,bed,blanket,2,RelatedTo
6.961958885192871,float,sail,47,RelatedTo
6.962310791015625,boundary,border,3,RelatedTo,Synonym
6.96332311630249,flat,plate,3,RelatedTo,RelatedTo
6.964200019836426,water,drink,9,RelatedTo
6.96886682510376,grave,pit,5,RelatedTo
6.969499588012695,side,country,8,RelatedTo
6.9700236320495605,insect,animal,7,RelatedTo
6.9718451499938965,size,amount,4,RelatedTo
6.973387241363525,tool,machine,2,DistinctFrom,RelatedTo,Synonym
6.975139617919922,shout,crow,3,RelatedTo
6.975543022155762,straight,vertical,5,RelatedTo
6.976823329925537,walk,drive,14,Antonym,DistinctFrom,HasFirstSubevent
6.977595329284668,blood,bone,3,DistinctFrom
6.97786283493042,sick,fever,8,RelatedTo
6.9783616065979,stick,twig,2,RelatedTo
6.979771137237549,heavy,weight,2,RelatedTo
6.9834818840026855,i,self,7,RelatedTo
6.985288619995117,braid,plait,4,RelatedTo,RelatedTo,RelatedTo,Synonym,Synonym
6.985774517059326,house,camp,5,RelatedTo
6.986059188842773,lightning,bolt,121,RelatedTo,RelatedTo
6.986774921417236,clay,brick,3,MadeOf,RelatedTo
6.9874420166015625,bite,itch,3,RelatedTo
6.987695217132568,rise,lift,17,Causes,RelatedTo,RelatedTo,Synonym,Synonym
6.9880194664001465,mouth,saliva,3,AtLocation,LocatedNear
6.98842191696167,thing,item,37,RelatedTo
6.990006446838379,boy,male,2,RelatedTo
6.990006446838379,male,boy,4,RelatedTo,RelatedTo
6.99075984954834,sky,mountain,3,RelatedTo
6.991098880767822,voice,shout,20,RelatedTo
6.991452693939209,head,axe,2,RelatedTo
6.991921901702881,grain,bread,2,RelatedTo
6.9925713539123535,tired,fatigue,13,RelatedTo,RelatedTo
6.992846965789795,good,white,7,SimilarTo
6.99611759185791,grain,flour,3,RelatedTo
6.99729061126709,long,snake,2,RelatedTo
6.997818470001221,plant,flower,4,DistinctFrom,RelatedTo,RelatedTo
6.998925685882568,i,in,2,EtymologicallyRelatedTo,EtymologicallyRelatedTo,EtymologicallyRelatedTo,Synonym,Synonym,Synonym,Synonym
6.998988151550293,nose,smell,3,RelatedTo
6.999447345733643,paper,newspaper,2,DerivedFrom,IsA,Synonym
6.999537944793701,morning,forenoon,5,Synonym
7.002828121185303,lake,sea,41,Antonym,DistinctFrom,RelatedTo,RelatedTo
7.0035319328308105,son,man,17,RelatedTo
7.00539493560791,share,divide,131,RelatedTo
7.006211757659912,shoulder,collarbone,6,RelatedTo
7.006770133972168,earth,sand,42,AtLocation,RelatedTo
7.008876323699951,loud,bright,4,RelatedTo
7.009247303009033,empty,clean,3,RelatedTo
7.010637283325195,stick,post,5,RelatedTo
7.010862827301025,die,kill,28,Causes,MotivatedByGoal,RelatedTo
7.013303279876709,adjudicate,judge,2,RelatedTo,Synonym
7.014703750610352,grain,rice,19,IsA,IsA,RelatedTo
7.015789985656738,meat,animal,20,HasA
7.0160231590271,midday,dinner,8,RelatedTo
7.016768455505371,swallow,drink,8,HasFirstSubevent,HasLastSubevent,HasPrerequisite,RelatedTo,Synonym
7.0168328285217285,master,father,3,RelatedTo
7.018420696258545,crouch,bend,4,Synonym
7.023301601409912,soul,body,6,Antonym,DistinctFrom,RelatedTo,RelatedTo
7.024261951446533,ox,bison,2,RelatedTo
7.027516841888428,pregnant,womb,41,RelatedTo
7.02890157699585,head,mother,2,RelatedTo
7.032858371734619,cry,sky,2,RelatedTo
7.033023834228516,separate,tear,3,MannerOf,RelatedTo
7.035837650299072,house,nest,3,RelatedTo
7.037551403045654,sun,afternoon,2,RelatedTo
7.037768840789795,drip,water,4,AtLocation
7.040316581726074,bowl,saucer,11,RelatedTo
7.040346622467041,small,boy,2,RelatedTo
7.0408477783203125,shoot,fire,2,RelatedTo,Synonym
7.044106483459473,time,weather,51,RelatedTo,RelatedTo
7.045707702636719,father,god,2,RelatedTo
7.04728364944458,chest,heart,10,AtLocation,RelatedTo
7.052872180938721,shake,jog,40,RelatedTo
7.0534539222717285,circle,ball,17,RelatedTo
7.053462505340576,master,king,16,RelatedTo
7.053950786590576,laugh,play,2,HasSubevent
7.0543694496154785,low,deep,5,RelatedTo,SimilarTo,Synonym
7.054942607879639,study,think,4,HasPrerequisite
7.059375286102295,evil,sin,2,RelatedTo
7.0606913566589355,insect,snake,2,NotHasProperty
7.062420845031738,braid,twist,2,Synonym
7.062987804412842,skull,brain,2,AtLocation,RelatedTo
7.063351631164551,run,dash,5,IsA,RelatedTo
7.064194202423096,weigh,heavy,5,RelatedTo
7.066225528717041,chimney,smoke,3,RelatedTo
7.068779468536377,bark,barking,2,DerivedFrom,FormOf,FormOf,RelatedTo
7.069956302642822,earn,work,2,RelatedTo
7.070051670074463,money,coin,49,Antonym,HasContext,IsA,RelatedTo,RelatedTo
7.071455955505371,boast,blow,2,Synonym
7.072354316711426,boundary,end,7,IsA
7.072354316711426,boundary,end,12,IsA
7.073601722717285,throw,eat,3,Antonym
7.073868274688721,ghost,god,2,RelatedTo
7.074142932891846,fever,cold,4,RelatedTo
7.0759148597717285,ice,freeze,4,RelatedTo
7.076220512390137,thigh,hip,81,PartOf
7.0794596672058105,corpse,body,27,RelatedTo,RelatedTo
7.080216884613037,fire,four,3,EtymologicallyRelatedTo,Synonym,Synonym
7.082777976989746,leather,belt,3,RelatedTo
7.083198547363281,sweep,broom,9,RelatedTo,RelatedTo,RelatedTo,Synonym,UsedFor
7.084723949432373,field,land,7,RelatedTo,RelatedTo
7.085360050201416,sky,air,11,AtLocation,RelatedTo
7.089714050292969,insect,worm,35,RelatedTo
7.092789173126221,spin,cut,2,RelatedTo
7.097175598144531,tree,oak,2,IsA,IsA,IsA,RelatedTo
7.099878311157227,brain,head,6,HasA,RelatedTo,RelatedTo,Synonym
7.101351737976074,leg,shin,33,PartOf,PartOf
7.102580547332764,dark,evening,2,RelatedTo
7.103602409362793,dye,paint,4,RelatedTo
7.103602409362793,dye,paint,77,RelatedTo
7.1040568351745605,cupboard,box,2,RelatedTo
7.104641437530518,ash,embers,3,RelatedTo
7.107714653015137,male,man,104,IsA,IsA,IsA,RelatedTo,Synonym
7.107714653015137,man,male,44,RelatedTo
7.107714653015137,man,male,47,RelatedTo
7.111517429351807,there,thither,17,Synonym
7.112921237945557,poor,beggar,14,RelatedTo
7.113961219787598,wind,air,53,RelatedTo,RelatedTo
7.115057468414307,darkness,shade,2,RelatedTo,RelatedTo
7.115117073059082,dwell,lair,2,RelatedTo
7.115160942077637,circle,wheel,28,RelatedTo
7.116123199462891,have,drink,2,RelatedTo,RelatedTo
7.118653774261475,clean,sweep,2,MannerOf,RelatedTo
7.118653774261475,sweep,clean,2,RelatedTo
7.120609283447266,market,store,8,RelatedTo
7.12078332901001,master,head,14,Synonym
7.12099027633667,cattle,bovine,20,RelatedTo,RelatedTo
7.122340679168701,nail,peg,6,RelatedTo
7.128103256225586,nest,beehive,3,IsA,IsA,RelatedTo
7.128822326660156,tall,deep,11,RelatedTo
7.1298909187316895,ear,earlobe,19,PartOf
7.131575584411621,grain,millet,2,IsA,RelatedTo
7.1354594230651855,arm,branch,4,RelatedTo,Synonym,Synonym
7.138515472412109,big,city,2,RelatedTo
7.13921594619751,cultivate,work,5,Synonym
7.140819072723389,comb,rake,2,RelatedTo,Synonym
7.141972064971924,soldier,guard,2,RelatedTo
7.143186569213867,shallow,flat,7,RelatedTo
7.148017883300781,young,baby,5,RelatedTo,RelatedTo,RelatedTo
7.151113033294678,do,crawl,2,RelatedTo
7.152299404144287,clean,pure,6,RelatedTo,RelatedTo,SimilarTo
7.154452800750732,young,son,3,RelatedTo
7.156188011169434,fight,cut,2,RelatedTo
7.156188011169434,fight,cut,3,RelatedTo
7.157141208648682,mouth,tooth,40,AtLocation,PartOf,RelatedTo,RelatedTo
7.157654762268066,kill,sacrifice,3,MannerOf,RelatedTo
7.159390926361084,mouth,beak,24,IsA,RelatedTo
7.159721374511719,sick,die,11,MotivatedByGoal
7.161868572235107,chicken,rooster,21,IsA,IsA,IsA,PartOf,RelatedTo
7.164806842803955,tree,stick,66,AtLocation,RelatedTo,RelatedTo
7.165608882904053,branch,twig,43,MannerOf,RelatedTo,RelatedTo
7.166295051574707,edge,coast,3,IsA,RelatedTo,RelatedTo
7.167623519897461,lamb,ewe,7,RelatedTo
7.168395042419434,soft,weak,20,Synonym
7.1693572998046875,bury,set,3,MannerOf
7.171380519866943,swelling,blister,3,RelatedTo
7.172257900238037,nut,acorn,3,IsA,RelatedTo
7.172426700592041,rib,bone,5,RelatedTo,Synonym
7.172557830810547,strap,leash,13,RelatedTo
7.172849178314209,salty,sea,2,RelatedTo,RelatedTo
7.17370080947876,quarrel,fight,38,RelatedTo,Synonym
7.177888870239258,foot,hoof,3,RelatedTo,RelatedTo,Synonym
7.1781086921691895,high,sky,6,RelatedTo
7.179440975189209,sew,cut,2,Antonym
7.180612564086914,paddle,rudder,39,RelatedTo
7.181656360626221,board,table,18,RelatedTo,Synonym
7.181999206542969,eyelid,eyelash,32,PartOf,PartOf,RelatedTo
7.184228897094727,voice,song,3,RelatedTo,RelatedTo
7.1852312088012695,make,beget,2,MannerOf
7.185275077819824,give,smoke,2,RelatedTo
7.186213493347168,alcohol,beer,18,HasA,IsA,RelatedTo
7.186983585357666,mud,soil,2,RelatedTo
7.187098979949951,head,hair,10,AtLocation,PartOf,RelatedTo
7.187098979949951,head,hair,17,AtLocation,PartOf,RelatedTo
7.187832355499268,ready,ripe,3,RelatedTo,SimilarTo
7.190404415130615,light,morning,2,RelatedTo
7.191715240478516,dry,thirsty,33,SimilarTo
7.1918487548828125,feather,beard,3,RelatedTo
7.194878101348877,fan,blow,2,RelatedTo
7.195569038391113,foot,sole,3,PartOf,PartOf,RelatedTo
7.196701526641846,foot,paw,4,IsA,RelatedTo
7.19857931137085,roll,tumble,5,RelatedTo,RelatedTo
7.199371337890625,tree,root,7,AtLocation,RelatedTo,RelatedTo
7.199976921081543,touch,strike,2,MannerOf
7.200165748596191,father,king,2,RelatedTo
7.200247287750244,body,nose,3,PartOf,RelatedTo
7.204863548278809,grass,hay,53,RelatedTo,RelatedTo
7.207225799560547,place,bed,4,IsA,RelatedTo
7.208955764770508,river,stream,32,RelatedTo
7.210230350494385,feather,wing,71,EtymologicallyRelatedTo,RelatedTo
7.212888717651367,needle,pin,33,RelatedTo,RelatedTo
7.214240074157715,back,spine,18,PartOf,RelatedTo
7.215590476989746,eat,rice,6,RelatedTo
7.218858242034912,bee,fly,6,Antonym,RelatedTo
7.2207818031311035,big,hill,7,RelatedTo
7.222087383270264,throw,sling,2,RelatedTo,RelatedTo
7.222324371337891,earth,mud,16,RelatedTo
7.222575664520264,hen,chicken,48,Antonym,DistinctFrom,RelatedTo,Synonym,Synonym
7.223482131958008,wind,back,2,RelatedTo
7.223869323730469,hold,chin,2,RelatedTo
7.225351333618164,size,weight,2,RelatedTo
7.226068019866943,hand,fingernail,3,PartOf
7.229936122894287,pound,crush,19,RelatedTo
7.230259895324707,mouth,drink,5,RelatedTo
7.231977462768555,keep,herd,4,MannerOf,RelatedTo
7.234625339508057,wool,sheep,8,HasA,RelatedTo
7.235762596130371,place,chair,18,IsA,RelatedTo
7.237884998321533,hole,bury,4,RelatedTo
7.238997936248779,mountain,rock,2,AtLocation,RelatedTo
7.240673065185547,cease,cut,4,RelatedTo
7.242873668670654,cattle,calf,5,PartOf
7.247512340545654,edge,lip,28,RelatedTo,RelatedTo
7.249300956726074,salt,sea,57,HasA,RelatedTo
7.249882221221924,north,left,2,RelatedTo
7.251092910766602,load,weight,14,RelatedTo
7.251384258270264,car,bus,5,IsA,IsA,RelatedTo
7.253638744354248,sky,weather,20,RelatedTo
7.253970146179199,pouch,sack,44,Synonym
7.255640983581543,cloud,fog,179,IsA,RelatedTo,RelatedTo
7.258155822753906,thick,fat,5,RelatedTo,RelatedTo,SimilarTo,Synonym
7.258155822753906,thick,fat,11,RelatedTo,RelatedTo,SimilarTo,Synonym
7.258155822753906,thick,fat,14,RelatedTo,RelatedTo,SimilarTo,Synonym
7.259700775146484,sky,god,14,RelatedTo
7.260677814483643,yellow,banana,2,HasProperty,IsA,RelatedTo
7.261069297790527,green,glass,3,HasProperty
7.261484622955322,cloak,poncho,12,IsA
7.262450218200684,hear,smell,12,Antonym,DistinctFrom
7.262450218200684,hear,smell,22,Antonym,DistinctFrom
7.262450218200684,smell,hear,3,DistinctFrom
7.26471471786499,see,smell,2,DistinctFrom
7.26542329788208,body,bone,4,RelatedTo
7.266036033630371,thought,memory,5,RelatedTo
7.270936489105225,worm,caterpillar,3,RelatedTo
7.271568775177002,female,mother,5,RelatedTo,RelatedTo
7.273205757141113,ear,earring,4,AtLocation,DerivedFrom,RelatedTo
7.273225784301758,ash,fire,7,RelatedTo
7.276996612548828,wet,watery,2,RelatedTo,SimilarTo
7.284670352935791,claw,scratch,5,RelatedTo
7.285778522491455,drop,dribble,3,RelatedTo
7.288089275360107,hand,crawl,2,RelatedTo
7.2883219718933105,chain,necklace,8,RelatedTo
7.291467189788818,stick,wood,20,RelatedTo
7.293046951293945,water,stream,2,RelatedTo
7.294098854064941,forest,country,3,AtLocation
7.294112682342529,throw,cast,2,EtymologicallyRelatedTo,IsA,RelatedTo
7.296661376953125,small,baby,8,RelatedTo
7.2997822761535645,nail,pin,4,RelatedTo,RelatedTo,Synonym
7.305912494659424,market,town,3,RelatedTo
7.310112953186035,tree,firewood,29,RelatedTo
7.310280799865723,wheel,cart,4,RelatedTo
7.310482978820801,temple,church,10,IsA,RelatedTo
7.314051628112793,stick,sting,2,Synonym
7.314468860626221,hot,fire,10,HasProperty,NotHasProperty,RelatedTo
7.314854621887207,hot,sun,2,RelatedTo
7.316027641296387,line,string,2,RelatedTo
7.317840576171875,wind,fire,4,RelatedTo
7.319614887237549,float,swim,86,RelatedTo,RelatedTo,Synonym
7.320659637451172,lightning,electricity,2,RelatedTo
7.324155330657959,town,fortress,9,RelatedTo
7.32523250579834,grind,chew,2,RelatedTo,Synonym
7.3275980949401855,hole,door,3,RelatedTo
7.330692291259766,lazy,idle,3,RelatedTo,RelatedTo
7.333310604095459,plant,grass,53,IsA,RelatedTo,RelatedTo
7.3337626457214355,trap,net,2,IsA,RelatedTo,RelatedTo
7.334379196166992,seed,fruit,37,RelatedTo
7.334496021270752,hour,clock,119,RelatedTo
7.337008476257324,island,world,18,IsA
7.337079048156738,long,ship,2,Synonym,Synonym
7.3401103019714355,skin,hide,3,RelatedTo,RelatedTo,Synonym
7.340933799743652,change,mix,2,MannerOf
7.341272354125977,spit,cold,2,CausesDesire
7.34299898147583,rope,lasso,2,IsA,IsA,RelatedTo
7.345577239990234,disturb,stir,4,RelatedTo
7.346721649169922,near,narrow,2,EtymologicallyRelatedTo
7.347091197967529,small,egg,5,RelatedTo
7.3479695320129395,insect,caterpillar,6,RelatedTo
7.348456382751465,urge,drive,6,RelatedTo
7.350584030151367,hot,drink,3,RelatedTo
7.350924015045166,table,plate,4,AtLocation,RelatedTo
7.351567268371582,clay,pot,2,MadeOf,RelatedTo
7.352804660797119,rise,east,4,RelatedTo
7.355513095855713,knife,saw,2,RelatedTo
7.3587846755981445,bow,rainbow,7,DerivedFrom,DerivedFrom,DerivedFrom,IsA
7.359371662139893,leg,muscle,2,AtLocation
7.361443519592285,precipice,edge,5,RelatedTo
7.362215042114258,five,arm,34,RelatedTo
7.363583564758301,feather,pen,23,EtymologicallyRelatedTo,RelatedTo
7.364099502563477,cloth,felt,2,RelatedTo
7.364218711853027,forest,wood,18,RelatedTo,Synonym
7.366471290588379,few,child,2,RelatedTo
7.366525173187256,star,character,2,RelatedTo
7.367323875427246,plant,harvest,4,Antonym
7.368489742279053,vegetables,harvest,2,RelatedTo
7.369618892669678,small,child,11,RelatedTo
7.369618892669678,small,child,20,RelatedTo
7.375470161437988,circle,belt,2,Synonym
7.376582145690918,cover,bury,8,Entails
7.376955986022949,pound,beat,3,RelatedTo
7.38174295425415,sun,fire,2,RelatedTo
7.382862567901611,cast,iron,2,ReceivesAction,RelatedTo
7.383985996246338,bow,crossbow,5,DerivedFrom,DerivedFrom,DerivedFrom,IsA,IsA,RelatedTo
7.3870015144348145,hard,severe,2,Synonym
7.3878173828125,side,cheek,2,RelatedTo
7.389251232147217,paper,postcard,2,RelatedTo
7.389305591583252,shield,fence,2,Synonym
7.390196323394775,shoot,arrow,5,UsedFor
7.390872001647949,kid,goat,6,RelatedTo
7.391835689544678,grass,thatch,13,RelatedTo
7.3923821449279785,flame,chimney,2,RelatedTo
7.3941192626953125,servant,boy,2,RelatedTo
7.399277687072754,honey,mead,34,RelatedTo
7.399571895599365,sharp,sword,2,HasProperty,RelatedTo
7.399620056152344,flat,board,5,RelatedTo
7.401832103729248,darkness,evening,6,RelatedTo
7.403149604797363,drip,dribble,32,RelatedTo,Synonym
7.403186321258545,shoot,bow,3,RelatedTo,UsedFor
7.404992580413818,fire,campfire,28,DerivedFrom,IsA,RelatedTo
7.405252933502197,skin,sore,2,RelatedTo
7.405810356140137,mud,land,2,RelatedTo
7.4066162109375,medicine,poison,14,Antonym,RelatedTo
7.407322406768799,house,court,2,RelatedTo
7.4114909172058105,move,stir,2,MannerOf,RelatedTo
7.413612365722656,change,sharpen,2,MannerOf,MannerOf
7.415226459503174,skin,flesh,5,RelatedTo,Synonym
7.419943332672119,disappear,die,3,MannerOf
7.419943332672119,disappear,die,4,MannerOf
7.422268867492676,give,sun,2,RelatedTo
7.422361373901367,person,daughter,2,RelatedTo
7.423977375030518,male,penis,4,PartOf
7.424784183502197,person,animal,6,Antonym,DistinctFrom
7.426060676574707,leg,trousers,2,RelatedTo
7.427971839904785,water,beverage,29,RelatedTo
7.428813934326172,high,heaven,4,RelatedTo
7.42960786819458,obey,listen,39,RelatedTo,Synonym
7.43217134475708,boar,sow,19,RelatedTo
7.445593357086182,rafter,ridgepole,23,RelatedTo
7.447932720184326,thunder,cloud,5,RelatedTo,UsedFor
7.448171615600586,hammer,pound,3,Synonym
7.44868803024292,roof,thatch,40,AtLocation,IsA,MannerOf,RelatedTo
7.449216842651367,peel,bark,3,RelatedTo
7.449363708496094,arm,sleeve,2,RelatedTo,RelatedTo
7.453463554382324,cut,roast,2,IsA
7.4536213874816895,wheel,rudder,3,RelatedTo
7.4553141593933105,field,grass,6,AtLocation,RelatedTo
7.458034515380859,saucer,plate,27,DistinctFrom,RelatedTo
7.4589362144470215,full,drunk,2,Synonym,Synonym
7.460260391235352,tie,connect,32,RelatedTo
7.460643768310547,run,flee,80,MannerOf,RelatedTo
7.462360382080078,new,raw,8,Synonym
7.464346408843994,plain,field,84,RelatedTo,Synonym
7.4643964767456055,frost,ice,13,RelatedTo,Synonym
7.465747356414795,buy,cry,4,RelatedTo
7.470404624938965,meal,table,7,RelatedTo
7.47782564163208,stomach,womb,30,RelatedTo,RelatedTo
7.478116512298584,woman,queen,2,IsA,RelatedTo
7.481662273406982,full,plate,4,RelatedTo
7.4822998046875,join,fix,2,RelatedTo
7.493169784545898,flow,run,34,RelatedTo
7.493836879730225,see,sea,3,EtymologicallyRelatedTo,EtymologicallyRelatedTo,Synonym,Synonym,Synonym
7.495188236236572,chime,ring,48,RelatedTo
7.496160984039307,smoke,steam,6,DistinctFrom,RelatedTo
7.498046875,foot,footprint,13,DerivedFrom
7.498645305633545,skin,hand,2,RelatedTo
7.498738765716553,honey,beehive,3,RelatedTo
7.500343322753906,big,sun,2,RelatedTo
7.500763416290283,tree,three,3,Synonym
7.5015106201171875,arrow,loose,2,RelatedTo
7.502374649047852,warm,boil,2,RelatedTo
7.502984523773193,hot,burning,7,RelatedTo
7.5032958984375,lend,debt,2,Antonym
7.507467746734619,female,wife,32,RelatedTo,RelatedTo
7.507564067840576,cause,root,4,RelatedTo
7.508687496185303,fire,firewood,67,DerivedFrom,RelatedTo
7.509679317474365,go,stone,2,RelatedTo
7.512084484100342,sell,betray,25,Synonym
7.513322353363037,chicken,bird,41,RelatedTo,RelatedTo
7.516060829162598,road,door,2,Antonym
7.521510124206543,bad,die,2,HasProperty
7.523477077484131,week,weak,2,EtymologicallyRelatedTo
7.525954246520996,here,hither,12,RelatedTo
7.526488304138184,shoe,stocking,6,RelatedTo
7.526625633239746,cloud,rain,3,RelatedTo,RelatedTo
7.527077674865723,chicken,scratch,2,RelatedTo
7.527185440063477,shell,snail,24,RelatedTo,RelatedTo
7.527622222900391,seed,grain,67,IsA,RelatedTo,RelatedTo
7.532802581787109,river,fish,3,AtLocation,RelatedTo
7.537539482116699,water,watery,2,RelatedTo
7.540489196777344,insect,fly,11,IsA,IsA,RelatedTo,RelatedTo
7.5434112548828125,tell,command,4,RelatedTo
7.545578479766846,fire,wood,9,Antonym,AtLocation,RelatedTo
7.545790195465088,blood,red,56,RelatedTo
7.546384811401367,plant,fruit,10,CreatedBy
7.5471577644348145,money,gold,2,RelatedTo
7.554417133331299,get,beget,4,DerivedFrom
7.556773662567139,sing,people,3,CapableOf
7.556858062744141,sew,needle,8,RelatedTo,RelatedTo,UsedFor
7.561042785644531,adze,axe,55,RelatedTo
7.562503337860107,extinguish,kill,33,RelatedTo
7.564067363739014,louse,nit,5,RelatedTo
7.5646491050720215,fire,candle,4,RelatedTo
7.565306186676025,food,grain,2,RelatedTo
7.566039085388184,master,husband,14,RelatedTo
7.570446014404297,change,stir,2,RelatedTo
7.5710601806640625,cut,fat,2,RelatedTo
7.57402229309082,good,egg,3,RelatedTo
7.577267646789551,church,mosque,6,DistinctFrom,RelatedTo,SimilarTo
7.577894687652588,bed,bottom,2,Synonym
7.580525875091553,leaf,branch,3,DistinctFrom,RelatedTo
7.58212423324585,walk,leg,2,RelatedTo
7.583668231964111,cut,die,3,RelatedTo
7.585119247436523,needle,injection,7,RelatedTo
7.585546493530273,round,wheel,8,RelatedTo,RelatedTo
7.585628986358643,fat,butter,30,IsA,RelatedTo
7.5869340896606445,strength,person,2,Desires
7.588767051696777,fire,fireplace,5,DerivedFrom,RelatedTo,RelatedTo
7.591811180114746,raw,green,15,RelatedTo,Synonym
7.59411096572876,cloud,cloudy,2,DerivedFrom,DerivedFrom,RelatedTo
7.59422492980957,put,plant,5,MannerOf,RelatedTo
7.595553398132324,snake,earthworm,3,RelatedTo
7.597977638244629,fur,hair,11,RelatedTo,UsedFor
7.597977638244629,fur,hair,63,RelatedTo,UsedFor
7.597977638244629,fur,hair,73,RelatedTo,UsedFor
7.598244667053223,field,pasture,12,IsA,RelatedTo,RelatedTo
7.6034111976623535,flat,field,3,RelatedTo
7.608245372772217,punishment,fine,14,RelatedTo,RelatedTo
7.609004974365234,wind,boat,3,RelatedTo
7.609228610992432,arrive,land,5,MannerOf,MannerOf
7.609950065612793,tie,bundle,3,RelatedTo
7.6111369132995605,dust,cloud,3,RelatedTo,RelatedTo
7.613735675811768,run,stream,4,MannerOf
7.614983081817627,forest,field,2,Antonym
7.615668296813965,moon,month,324,EtymologicallyRelatedTo,RelatedTo
7.6208696365356445,belly,womb,2,RelatedTo
7.6209001541137695,earth,garden,2,RelatedTo
7.621093273162842,bite,burn,2,Synonym
7.6259260177612305,animal,flesh,7,RelatedTo
7.6287078857421875,spoon,oar,2,RelatedTo
7.630943298339844,house,temple,2,RelatedTo,RelatedTo
7.63181209564209,buttocks,bottom,18,RelatedTo,Synonym
7.6320481300354,cause,beget,2,RelatedTo
7.639575481414795,sick,disease,19,RelatedTo
7.640056610107422,tree,mango,4,IsA
7.6442341804504395,burn,hot,7,RelatedTo
7.6442341804504395,hot,burn,2,RelatedTo,RelatedTo
7.647374629974365,bird,man,3,RelatedTo
7.649910926818848,line,rope,12,IsA,RelatedTo
7.6606221199035645,penis,man,2,RelatedTo
7.663099765777588,cook,burn,19,RelatedTo,Synonym
7.664816856384277,poor,arm,8,RelatedTo
7.6649322509765625,hole,window,7,RelatedTo
7.66542387008667,red,lobster,3,RelatedTo,RelatedTo
7.6660566329956055,part,bone,2,RelatedTo
7.66994047164917,mouth,bone,3,RelatedTo
7.6700334548950195,hole,grave,4,RelatedTo
7.674966812133789,forest,plant,3,RelatedTo
7.676013946533203,dwell,home,3,RelatedTo,RelatedTo
7.679143905639648,voice,noise,6,RelatedTo
7.679724216461182,path,street,9,RelatedTo
7.689461708068848,what,egg,2,RelatedTo
7.692025184631348,food,stomach,2,RelatedTo
7.692041397094727,cloud,heaven,2,RelatedTo
7.693203926086426,water,tear,3,RelatedTo
7.693262577056885,chop,fell,40,RelatedTo
7.693962574005127,hot,boil,2,RelatedTo
7.694598197937012,machine,motor,5,IsA,RelatedTo,RelatedTo
7.69706916809082,bird,wood,2,RelatedTo
7.697628021240234,money,paper,2,RelatedTo
7.698859214782715,grass,nest,2,RelatedTo
7.701644420623779,meal,flour,4,RelatedTo,SimilarTo
7.7037129402160645,do,die,2,EtymologicallyRelatedTo
7.707128524780273,mat,bed,10,RelatedTo
7.707513332366943,letter,character,4,RelatedTo,RelatedTo
7.708251476287842,egg,white,4,RelatedTo
7.712439060211182,master,god,10,RelatedTo
7.713161468505859,water,turtle,3,AtLocation,Desires,RelatedTo
7.7137980461120605,i,at,2,Synonym
7.717723369598389,fat,flesh,3,RelatedTo,Synonym
7.729972839355469,shoulder,armpit,2,PartOf
7.731562614440918,chest,breast,90,RelatedTo,Synonym
7.736039161682129,man,freeman,4,DerivedFrom
7.737271785736084,field,garden,45,RelatedTo
7.737936496734619,cloth,dress,12,RelatedTo
7.737991809844971,jaw,beard,5,RelatedTo,RelatedTo
7.740047454833984,meat,deer,3,RelatedTo
7.746545791625977,red,burn,2,RelatedTo
7.748395919799805,frost,hoarfrost,3,DerivedFrom,Synonym
7.748509883880615,language,tongue,175,RelatedTo,Synonym
7.751433372497559,change,die,2,MannerOf
7.756209373474121,buttocks,behind,9,RelatedTo,Synonym
7.757928848266602,grow,shoot,2,MannerOf
7.760619640350342,person,male,2,IsA
7.760619640350342,person,male,4,IsA
7.763044834136963,ice,glass,8,RelatedTo
7.763356685638428,flow,river,2,RelatedTo
7.764212131500244,row,oar,12,RelatedTo,RelatedTo,Synonym
7.764446258544922,leaf,paper,12,RelatedTo
7.765571594238281,weigh,press,2,RelatedTo,Synonym
7.7661213874816895,boundary,country,3,RelatedTo
7.766242504119873,rich,person,2,NotDesires
7.767719745635986,ripe,yellow,18,RelatedTo
7.770073413848877,lie,perjury,13,RelatedTo
7.776913166046143,change,cook,2,MannerOf
7.78106689453125,shell,body,3,RelatedTo
7.78670072555542,put,pour,2,RelatedTo
7.7889628410339355,key,latch,4,RelatedTo
7.801383018493652,root,turnip,15,RelatedTo
7.80188512802124,board,wood,17,RelatedTo
7.810333251953125,big,sea,2,RelatedTo
7.8121514320373535,field,wind,2,AtLocation
7.813436508178711,bunch,grape,2,RelatedTo,RelatedTo
7.815341472625732,chest,lung,5,RelatedTo
7.8184494972229,female,daughter,6,RelatedTo,RelatedTo
7.819701671600342,cast,mold,31,RelatedTo,Synonym,Synonym
7.820130825042725,small,seed,2,RelatedTo
7.823148250579834,body,carcass,2,RelatedTo
7.823374271392822,measure,foot,2,RelatedTo,RelatedTo
7.8236002922058105,pointed,needle,2,RelatedTo
7.824000358581543,approach,near,10,RelatedTo,Synonym
7.832162857055664,table,dish,5,AtLocation
7.833204746246338,sharp,thorn,5,RelatedTo
7.833950996398926,open,bloom,6,RelatedTo
7.834749698638916,seed,egg,45,RelatedTo
7.843258857727051,pain,punishment,3,RelatedTo,RelatedTo
7.847025394439697,fly,mosquito,17,CapableOf,RelatedTo
7.852799892425537,cease,die,2,RelatedTo
7.852799892425537,cease,die,5,RelatedTo
7.854400634765625,mouth,palate,2,PartOf,RelatedTo
7.855454444885254,good,flower,3,RelatedTo
7.857762813568115,black,night,10,HasProperty,RelatedTo
7.87152624130249,spit,water,2,AtLocation
7.8747944831848145,house,arm,3,AtLocation
7.879703521728516,crowd,army,5,IsA
7.882183074951172,sun,star,3,IsA,RelatedTo,RelatedTo
7.886165618896484,soup,water,11,AtLocation
7.887531757354736,string,thread,3,RelatedTo,RelatedTo,Synonym
7.888411998748779,flat,saucer,2,RelatedTo,Synonym
7.89487886428833,season,weather,8,RelatedTo
7.896361351013184,join,fasten,3,Synonym
7.897678375244141,head,king,12,RelatedTo,RelatedTo
7.899578094482422,skin,bone,2,Antonym,RelatedTo
7.902018070220947,cover,veil,2,Entails
7.903874397277832,bed,nest,9,RelatedTo,RelatedTo
7.908584117889404,hook,fishhook,49,IsA,IsA,RelatedTo
7.908945560455322,expensive,dear,10,RelatedTo,RelatedTo
7.909195899963379,saucer,cup,8,DistinctFrom
7.9191670417785645,pitchfork,fork,84,Synonym
7.919691562652588,join,sew,3,Entails
7.9214396476745605,wine,alcohol,23,AtLocation,RelatedTo
7.928602695465088,fog,steam,3,RelatedTo
7.935223579406738,wind,wrap,2,Synonym
7.9387054443359375,nut,seed,10,RelatedTo
7.943451404571533,glass,cup,3,RelatedTo,RelatedTo
7.94418478012085,male,husband,33,RelatedTo,RelatedTo
7.9442219734191895,earth,floor,58,RelatedTo
7.947763919830322,ram,ewe,10,RelatedTo,RelatedTo
7.949126243591309,flame,tongue,6,RelatedTo
7.94962739944458,cloud,smoke,29,IsA,RelatedTo
7.949650764465332,bridge,beam,2,AtLocation
7.953160762786865,mill,flour,3,RelatedTo
7.955069065093994,pine,cone,2,RelatedTo
7.959867477416992,cut,shear,4,MannerOf,RelatedTo,RelatedTo
7.960096836090088,fish,flesh,4,RelatedTo
7.961328983306885,separate,divorce,14,MannerOf,RelatedTo,Synonym
7.966948986053467,breast,heart,2,Synonym
7.968420505523682,darkness,black,13,RelatedTo
7.972368240356445,row,paddle,8,RelatedTo,Synonym
7.975881576538086,light,star,2,RelatedTo
7.98030948638916,cat,jaguar,3,RelatedTo
7.980388164520264,trough,dish,2,RelatedTo
7.98678731918335,bowl,trough,2,Synonym
7.989198207855225,acorn,oak,19,RelatedTo
7.995112895965576,cup,plate,11,Antonym,DistinctFrom,RelatedTo
7.995620250701904,egg,eye,2,RelatedTo
7.996704578399658,waist,middle,4,RelatedTo
7.996723175048828,fire,match,7,Causes,RelatedTo,RelatedTo,UsedFor,UsedFor
7.997974395751953,eat,inhale,9,RelatedTo
7.999957084655762,marry,wedding,3,RelatedTo
8.006495475769043,town,tree,4,AtLocation
8.012674331665039,collar,necklace,11,RelatedTo,Synonym,Synonym
8.013726234436035,floor,land,47,RelatedTo,RelatedTo
8.019612312316895,louse,flea,28,RelatedTo
8.027997970581055,blow,whale,4,RelatedTo
8.044318199157715,sun,year,5,RelatedTo,RelatedTo
8.051864624023438,hole,nostril,3,IsA
8.055794715881348,cloud,white,5,RelatedTo
8.056098937988281,round,egg,3,HasProperty,RelatedTo
8.059823989868164,shade,ghost,10,RelatedTo
8.064788818359375,bunch,knot,4,IsA,RelatedTo
8.064820289611816,arm,fathom,4,RelatedTo
8.074058532714844,season,rain,2,RelatedTo
8.07868480682373,plant,root,2,MannerOf,PartOf,RelatedTo,RelatedTo
8.079506874084473,buttocks,tail,7,RelatedTo,Synonym
8.090424537658691,cover,cloak,2,MannerOf
8.093295097351074,kneel,knee,4,RelatedTo,RelatedTo
8.100078582763672,fish,man,2,RelatedTo
8.10573959350586,pine,candle,5,RelatedTo
8.106207847595215,sail,sailcloth,18,DerivedFrom,DerivedFrom,RelatedTo
8.111193656921387,hot,fever,23,RelatedTo
8.114017486572266,bury,plant,2,RelatedTo
8.114017486572266,bury,plant,13,RelatedTo
8.119132041931152,speech,tongue,2,RelatedTo
8.119633674621582,debt,bill,7,RelatedTo
8.13767147064209,fringe,border,3,Synonym
8.142704010009766,vegetables,plant,7,RelatedTo
8.145120620727539,water,urine,7,RelatedTo
8.147930145263672,head,chieftain,57,EtymologicallyRelatedTo
8.149006843566895,wind,fan,3,RelatedTo
8.161580085754395,money,silver,143,RelatedTo
8.165157318115234,male,father,4,RelatedTo,RelatedTo
8.16759204864502,line,stroke,37,RelatedTo
8.16799259185791,fever,heat,7,RelatedTo,Synonym
8.172554969787598,person,fish,2,IsA
8.181208610534668,medicine,ointment,7,HasContext,HasContext
8.18661117553711,adobe,brick,15,RelatedTo
8.19602108001709,white,ice,5,RelatedTo
8.199885368347168,green,unripe,85,Synonym
8.21763801574707,measure,shoot,2,MannerOf,RelatedTo
8.222040176391602,new,sour,2,RelatedTo
8.230732917785645,wind,wing,2,EtymologicallyRelatedTo
8.23223876953125,bruise,blue,3,RelatedTo
8.234025955200195,thick,blood,2,RelatedTo
8.234687805175781,plant,wood,8,RelatedTo
8.237586975097656,field,sheep,4,RelatedTo
8.237894058227539,throat,collar,11,RelatedTo
8.240174293518066,air,heaven,2,RelatedTo
8.245405197143555,ram,sheep,54,Antonym,RelatedTo
8.246491432189941,plant,pot,2,RelatedTo
8.247247695922852,shell,bark,13,RelatedTo
8.247563362121582,cloth,sailcloth,2,DerivedFrom
8.247590065002441,wet,river,2,RelatedTo
8.256277084350586,person,egg,5,RelatedTo
8.261834144592285,skin,foot,3,RelatedTo
8.26630687713623,new,seed,2,RelatedTo
8.270258903503418,head,gourd,6,RelatedTo
8.283206939697266,udder,milk,17,RelatedTo
8.285505294799805,female,grandmother,2,IsA,RelatedTo
8.300148963928223,plant,mold,2,RelatedTo
8.300647735595703,shoot,pot,2,RelatedTo
8.305039405822754,pour,fill,3,RelatedTo
8.306595802307129,foam,wave,2,RelatedTo
8.31999683380127,bill,price,5,RelatedTo
8.323897361755371,tobacco,pipe,2,RelatedTo
8.325453758239746,cease,anchor,3,Synonym
8.331499099731445,age,season,11,Synonym
8.331916809082031,hay,thatch,4,RelatedTo
8.333796501159668,fish,bone,3,AtLocation,RelatedTo
8.340715408325195,nit,flea,2,RelatedTo
8.34311580657959,pregnant,heavy,10,RelatedTo
8.356446266174316,skin,fur,113,RelatedTo
8.359737396240234,earthquake,shake,2,RelatedTo
8.361117362976074,early,seed,2,RelatedTo
8.36620807647705,penis,tail,21,RelatedTo
8.372688293457031,owner,lord,6,RelatedTo
8.39184284210205,empty,naked,7,RelatedTo
8.393440246582031,pour,drop,3,Antonym
8.395752906799316,bark,skin,16,Synonym,Synonym
8.395752906799316,bark,skin,29,Synonym,Synonym
8.395752906799316,skin,bark,209,RelatedTo,RelatedTo
8.39635181427002,ram,goat,2,RelatedTo
8.414114952087402,car,machine,6,Synonym
8.416482925415039,wet,soup,4,RelatedTo
8.424809455871582,change,ripen,2,MannerOf
8.433112144470215,bird,song,3,RelatedTo
8.44951057434082,cure,bake,2,Synonym
8.451409339904785,float,drive,2,RelatedTo
8.455434799194336,naked,raw,3,Synonym
8.491244316101074,cotton,sheep,2,RelatedTo
8.503387451171875,shell,scale,7,EtymologicallyRelatedTo
8.533617973327637,bitter,bile,2,RelatedTo
8.537097930908203,male,rooster,2,RelatedTo
8.538872718811035,weather,heaven,4,RelatedTo
8.551873207092285,testicles,ball,3,RelatedTo
8.55793285369873,thou,you,33,RelatedTo
8.55793285369873,thou,you,64,RelatedTo
8.564404487609863,wood,post,16,RelatedTo
8.570788383483887,year,wood,2,RelatedTo
8.57342529296875,string,belt,3,RelatedTo
8.579338073730469,beam,post,10,RelatedTo
8.593111038208008,kidney,bean,3,RelatedTo
8.599401473999023,breast,suck,8,RelatedTo
8.608072280883789,swelling,knot,2,RelatedTo
8.637724876403809,beam,rafter,58,IsA,RelatedTo
8.640591621398926,seed,stone,2,RelatedTo
8.640591621398926,seed,stone,20,RelatedTo
8.667973518371582,blood,sap,29,RelatedTo
8.670947074890137,mix,knead,11,RelatedTo
8.671167373657227,summit,cap,2,RelatedTo
8.699462890625,field,wheat,2,AtLocation
8.703326225280762,voice,neck,27,RelatedTo
8.714255332946777,star,starfish,2,DerivedFrom
8.724335670471191,fat,oil,8,RelatedTo,RelatedTo
8.724335670471191,fat,oil,93,RelatedTo,RelatedTo
8.778299331665039,male,son,3,RelatedTo,RelatedTo
8.7802152633667,roof,ridgepole,4,RelatedTo
8.87056827545166,foot,ruler,10,RelatedTo
8.950867652893066,skin,leather,236,RelatedTo,RelatedTo
8.955305099487305,axle,axe,4,RelatedTo,RelatedTo
8.987030982971191,king,president,3,RelatedTo
9.044547080993652,seed,sperm,4,RelatedTo
9.061652183532715,skin,scale,8,RelatedTo,RelatedTo
9.075478553771973,penis,root,2,RelatedTo
9.094922065734863,breast,udder,72,RelatedTo
9.142281532287598,port,door,2,RelatedTo
9.148797035217285,penis,bird,3,RelatedTo
9.155930519104004,river,song,3,RelatedTo
9.157444953918457,price,dowry,6,RelatedTo
9.201058387756348,flow,pour,10,RelatedTo,RelatedTo
9.265164375305176,son,sun,4,Synonym
9.278264045715332,soup,hair,4,AtLocation
9.278787612915039,pour,cast,42,RelatedTo
9.288127899169922,throat,necklace,2,RelatedTo
9.293866157531738,earth,adobe,3,RelatedTo
9.449588775634766,beam,ridgepole,44,RelatedTo
9.492658615112305,male,ram,2,RelatedTo,RelatedTo
9.514253616333008,river,taro,3,IsA
9.709432601928711,press,oppress,4,EtymologicallyRelatedTo
9.733865737915039,fat,ointment,14,RelatedTo
9.741592407226562,fly,sandfly,5,DerivedFrom,RelatedTo
9.753202438354492,beech,book,4,EtymologicallyRelatedTo
9.811689376831055,penis,yard,2,RelatedTo
9.819927215576172,club,pestle,3,RelatedTo
10.256573677062988,post,doorpost,18,DerivedFrom
